date,trade_count,unique_accounts,total_volume,avg_trade_size,net_realized_pnl,mean_realized_pnl,win_rate,price_std,buy_sell_ratio,sentiment,sent_lag_1,sent_lag_2,sent_lag_3,high_volume_day,pnl_sign_next
2023-12-05,2,1,24998.62,12499.31,0.0,0.0,0.0,0.7071067811865476,0.0,1.0,,,,0,-1.0
2023-12-14,2,1,25525.84,12762.92,-527.2331300000001,-263.61656500000004,0.0,0.7071067811865476,2000.0,1.0,1.0,,,0,1.0
2023-12-22,7,1,59216.149999999994,8459.449999999999,141.832675,20.261810714285712,0.2857142857142857,107.58673134687305,2.4987506246876565,1.0,1.0,1.0,,0,-1.0
2023-12-24,12,1,200046.40000000002,16670.533333333336,-5.698476,-0.47487300000000005,0.3333333333333333,5.248376372312681,0.714183688044565,1.0,1.0,1.0,1.0,0,1.0
2023-12-29,4,1,63110.83,15777.7075,24.302049999999998,6.075512499999999,0.75,16.673332000532486,2.997002997002997,1.0,1.0,1.0,1.0,0,1.0
2023-12-30,15,1,299490.24,19966.016,35.896412000000026,2.393094133333335,0.5333333333333333,79.58146470007645,0.6665926008221309,1.0,1.0,1.0,1.0,0,1.0
2024-01-01,4,1,100729.62,25182.405,281.677062,70.4192655,0.25,119.33426442839676,0.33322225924691773,1.0,1.0,1.0,1.0,0,-1.0
2024-01-02,4,1,102207.20999999999,25551.802499999998,-252.794221,-63.19855525,0.0,107.16770346828747,0.33322225924691773,1.0,1.0,1.0,1.0,0,1.0
2024-01-05,45,1,1203066.66,26734.814666666665,226.57376300000004,5.034972511111112,0.2,288.1899310587257,0.9564801530368244,1.0,1.0,1.0,1.0,1,-1.0
2024-01-06,3,1,100163.26000000001,33387.753333333334,-129.30096,-43.10032,0.0,64.95382975621992,1.9980019980019983,1.0,1.0,1.0,1.0,0,-1.0
2024-01-07,15,1,344786.2,22985.746666666666,-129.943901,-8.662926733333334,0.26666666666666666,133.79408485750525,1.142693900871304,1.0,1.0,1.0,1.0,0,1.0
2024-01-08,41,1,745822.95,18190.803658536584,574.1827549999999,14.004457439024389,0.3902439024390244,683.7322593230706,0.41377883521257885,1.0,1.0,1.0,1.0,0,1.0
2024-01-09,20,1,349358.13,17467.9065,547.545704,27.3772852,0.15,194.7330899353973,0.1764602082230457,1.0,1.0,1.0,1.0,0,-1.0
2024-01-10,48,1,939875.62,19580.742083333334,-206.15056199999995,-4.294803374999999,0.3541666666666667,476.90531225988093,0.7777489722602866,1.0,1.0,1.0,1.0,0,-1.0
2024-01-11,5,2,96094.5,19218.9,-50.23381,-10.046762,0.0,209.75867085772592,3.9960039960039966,1.0,1.0,1.0,1.0,0,-1.0
2024-01-12,6,1,198082.87,33013.81166666667,-1925.519024,-320.9198373333333,0.0,710.5768548627714,1.999000499750125,1.0,1.0,1.0,1.0,0,0.0
2024-01-15,5,1,50006.24,10001.248,0.0,0.0,0.0,0.8366600265328797,5000.0,,1.0,1.0,1.0,0,-1.0
2024-01-16,4,2,93708.89,23427.2225,-2431.1318579999997,-607.7829644999999,0.5,84.29709366283144,0.0,1.0,,1.0,1.0,0,-1.0
2024-01-17,25,1,399916.62,15996.6648,-32.75793199999999,-1.3103172799999996,0.12,246.04560552872886,0.7856581672737661,1.0,1.0,,1.0,0,1.0
2024-01-18,25,1,199745.83,7989.833199999999,238.8017,9.552068,0.12,36.92907616860459,0.13635743829825916,1.0,1.0,1.0,,0,-1.0
2024-01-19,15,1,224953.44,14996.896,-41.045332,-2.7363554666666667,0.3333333333333333,135.10778765753759,1.4997500416597234,,1.0,1.0,1.0,0,-1.0
2024-01-20,35,1,500576.23,14302.178,-569.841988,-16.281199657142857,0.0,86.4277227543578,0.8420609441608335,,,1.0,1.0,0,0.0
2024-01-21,5,1,49996.55,9999.310000000001,0.0,0.0,0.0,1.095445115009834,0.0,1.0,,,1.0,0,-1.0
2024-01-22,12,2,125105.34999999999,10425.445833333333,-99.59926700000001,-8.299938916666667,0.0,222.44241679113108,0.4999375078115236,1.0,1.0,,,0,1.0
2024-01-23,13,1,218733.62,16825.663076923076,2470.894349,190.0687960769231,0.23076923076923078,187.51239275284468,1.5996800639872024,,1.0,1.0,,0,1.0
2024-01-24,27,1,445920.15,16515.56111111111,220.74672700000002,8.175804703703704,0.2222222222222222,211.68258234799856,0.9285051067780873,,,1.0,1.0,0,1.0
2024-01-29,26,1,199938.52,7689.943076923077,54.032264,2.078164,0.38461538461538464,13.34333599159468,0.6249609399412537,1.0,,,1.0,0,-1.0
2024-01-30,30,1,200575.35,6685.845,-576.288932,-19.209631066666667,0.0,209.76807389969306,0.874945315917755,1.0,1.0,,,0,-1.0
2024-01-31,541,1,3153128.44,5828.333530499076,-70.53156000000001,-0.13037256931608135,0.37153419593345655,122.95740749122507,1.2448081128294073,1.0,1.0,1.0,,1,1.0
2024-02-02,14,1,199944.62,14281.75857142857,48.349943999999994,3.453567428571428,0.14285714285714285,44.86512142944529,0.7499062617172854,1.0,1.0,1.0,1.0,0,-1.0
2024-02-03,38,1,302764.67,7967.491315789473,-330.656573,-8.701488763157894,0.0,111.57690354820461,0.18749414080809976,1.0,1.0,1.0,1.0,0,1.0
2024-02-04,9,1,102131.12999999999,11347.903333333332,312.585267,34.73169633333333,1.0,0.5270462766951773,9000.0,1.0,1.0,1.0,1.0,0,-1.0
2024-02-05,25,1,300069.81,12002.7924,-110.55305100000001,-4.4221220400000005,0.04,175.68203285102265,0.5624648459471283,1.0,1.0,1.0,1.0,0,1.0
2024-02-06,535,1,4200983.36,7852.305345794393,830.300255,1.5519630934579438,0.2635514018691589,246.2000630280936,0.8321889308598259,1.0,1.0,1.0,1.0,1,1.0
2024-02-11,12,1,100341.75,8361.8125,1.832736,0.152728,0.3333333333333333,16.467599041202234,0.33329630041106545,1.0,1.0,1.0,1.0,0,-1.0
2024-02-12,9,1,103399.72,11488.857777777777,-3522.533369,-391.3925965555556,0.0,21.95133506443496,9000.0,1.0,1.0,1.0,1.0,0,0.0
2024-02-14,12,1,49999.19,4166.599166666667,0.0,0.0,0.0,0.38924947207968014,0.0,1.0,1.0,1.0,1.0,0,-1.0
2024-02-15,3,1,52466.67,17488.89,-2467.497859,-822.4992863333333,0.0,0.0,3000.0,1.0,1.0,1.0,1.0,0,0.0
2024-02-16,2,1,49999.75,24999.875,0.0,0.0,0.0,0.0,0.0,1.0,1.0,1.0,1.0,0,1.0
2024-02-17,5,1,49852.74,9970.547999999999,147.01004999999998,29.402009999999997,1.0,0.0,5000.0,1.0,1.0,1.0,1.0,0,1.0
2024-02-19,4,1,43.79,10.9475,0.0037800000000000004,0.0009450000000000001,0.5,6.60807586719967,0.9995002498750625,1.0,1.0,1.0,1.0,0,-1.0
2024-02-20,2,1,21.79,10.895,-0.01449,-0.007245,0.0,48.79036790187178,0.9990009990009991,1.0,1.0,1.0,1.0,0,-1.0
2024-02-22,2,1,21.66,10.83,-0.00021,-0.000105,0.0,0.7071067811865476,0.9990009990009991,1.0,1.0,1.0,1.0,0,-1.0
2024-02-23,2,1,21.71,10.855,-0.00357,-0.001785,0.0,12.020815280171307,0.9990009990009991,1.0,1.0,1.0,1.0,0,1.0
2024-03-04,2,1,23.9,11.95,0.01178,0.00589,0.5,43.840620433565945,0.9990009990009991,1.0,1.0,1.0,1.0,0,-1.0
2024-03-27,6,1,67.36,11.226666666666667,-0.01552,-0.002586666666666667,0.0,364.347315986635,0.9996667777407531,1.0,1.0,1.0,1.0,0,-1.0
2024-05-21,22,1,274392.77,12472.398636363638,-527.567728,-23.980351272727273,0.0,291.0068393001862,0.9999090991728026,1.0,1.0,1.0,1.0,0,1.0
2024-05-29,10,1,2000.44,200.044,1.50552,0.150552,0.9,32.25523213371711,0.11109876680368849,1.0,1.0,1.0,1.0,0,1.0
2024-05-30,2,1,1107.3200000000002,553.6600000000001,2.57278,1.28639,0.5,227.6883835420683,0.9990009990009991,1.0,1.0,1.0,1.0,0,1.0
2024-06-04,10,1,5540.22,554.022,8.063304,0.8063304,0.2,121.81173999249924,0.2499687539057618,1.0,1.0,1.0,1.0,0,-1.0
2024-06-05,2,1,998.95,499.475,-0.00696,-0.00348,0.0,0.7071067811865476,0.9990009990009991,1.0,1.0,1.0,1.0,0,1.0
2024-06-07,5,1,33369.8,6673.960000000001,44.90213,8.980426,0.2,138.56659048991372,3.9960039960039966,1.0,1.0,1.0,1.0,0,1.0
2024-06-08,4,1,22260.27,5565.0675,26.649250000000002,6.6623125000000005,0.5,102.1710167643773,0.9995002498750625,1.0,1.0,1.0,1.0,0,1.0
2024-06-11,15,1,11120.41,741.3606666666667,23.732546,1.5821697333333333,0.26666666666666666,240.12135820594355,2.7493126718320418,1.0,1.0,1.0,1.0,0,-1.0
2024-06-12,5,1,7781.5599999999995,1556.312,-7.644737,-1.5289474,0.0,690.1498388031403,0.2499375156210947,1.0,1.0,1.0,1.0,0,1.0
2024-07-19,2,1,2035.26,1017.63,35.79975,17.899875,0.5,1607.2537136370224,0.9990009990009991,1.0,1.0,1.0,1.0,0,1.0
2024-07-29,28,2,315256.79,11259.171071428571,129.729619,4.633200678571429,0.4642857142857143,115.11006924821005,1.153757403276671,1.0,1.0,1.0,1.0,0,-1.0
2024-08-01,16,1,26548.52,1659.2825,-8.714336,-0.544646,0.0,880.5647217363812,14.985014985014987,,1.0,1.0,1.0,0,1.0
2024-08-02,12,1,24768.800000000003,2064.066666666667,228.247701,19.02064175,1.0,2.314316444669313,0.0,1.0,,1.0,1.0,0,1.0
2024-08-04,20,2,81730.57,4086.5285000000003,87.984045,4.39920225,0.1,829.5576754163083,8.995502248875562,0.0,1.0,,1.0,0,1.0
2024-08-05,22,2,89995.47,4090.7031818181817,160.44369899999998,7.292895409090908,0.3181818181818182,2037.3720595637176,2.142551064133695,0.0,0.0,1.0,,0,0.0
2024-08-06,2,1,24993.59,12496.795,0.0,0.0,0.0,0.0,2000.0,0.0,0.0,0.0,1.0,0,1.0
2024-08-09,10,1,132431.85,13243.185000000001,7524.850424,752.4850424,1.0,0.0,0.0,,0.0,0.0,0.0,0,1.0
2024-08-16,8,1,150839.52,18854.94,825.230544,103.153818,0.375,325.75009593244937,1.6661112962345885,0.0,,0.0,0.0,0,1.0
2024-08-19,8,1,100315.03,12539.37875,339.69958299999996,42.462447874999995,0.625,204.78834892918786,0.5998800239952009,0.0,0.0,,0.0,0,0.0
2024-08-24,5,1,19999.6,3999.9199999999996,0.0,0.0,0.0,0.0,0.0,1.0,0.0,0.0,,0,0.0
2024-08-25,5,1,4999.3099999999995,999.8619999999999,0.0,0.0,0.0,1.4142135623730951,0.0,,1.0,0.0,0.0,0,1.0
2024-08-28,2,1,23665.510000000002,11832.755000000001,1333.359645,666.6798225,1.0,0.7071067811865476,2000.0,0.0,,1.0,0.0,0,0.0
2024-08-29,1,1,9995.85,9995.85,0.0,0.0,0.0,,0.0,0.0,0.0,,1.0,0,1.0
2024-08-30,1,1,9739.38,9739.38,256.464,256.464,1.0,,1000.0,0.0,0.0,0.0,,0,-1.0
2024-08-31,6,2,51001.09,8500.181666666665,-0.00845,-0.0014083333333333333,0.0,10.303721010717213,4.9950049950049955,0.0,0.0,0.0,0.0,0,-1.0
2024-09-04,3,1,47759.48,15919.826666666668,-2241.785214,-747.261738,0.0,0.0,0.0,0.0,0.0,0.0,0.0,0,-1.0
2024-09-20,4,1,29997.89,7499.4725,-1.88976,-0.47244,0.0,5.678908345800274,2.997002997002997,,0.0,0.0,0.0,0,0.0
2024-09-22,3,1,19999.739999999998,6666.579999999999,0.0,0.0,0.0,0.0,3000.0,,,0.0,0.0,0,1.0
2024-09-23,2,1,40334.29,20167.145,334.760796,167.380398,0.5,8.48528137423857,0.9990009990009991,,,,0.0,0,0.0
2024-09-25,6,1,50001.11,8333.518333333333,0.0,0.0,0.0,196.45525359904877,6000.0,1.0,,,,0,1.0
2024-09-26,3,1,80440.42,26813.47333333333,439.812513,146.604171,0.6666666666666666,937.6168371639512,0.0,,1.0,,,0,0.0
2024-09-27,10,1,99992.31999999999,9999.232,0.0,0.0,0.0,147.09316775431566,0.0,1.0,,1.0,,0,1.0
2024-09-30,10,1,177280.9,17728.09,2710.626288,271.06262879999997,0.5,335.6123590625874,10000.0,1.0,1.0,,1.0,0,0.0
2024-10-01,4,1,139954.32,34988.58,0.0,0.0,0.0,142.6055164898365,4000.0,,1.0,1.0,,0,0.0
2024-10-02,4,1,99954.34,24988.585,0.0,0.0,0.0,0.0,4000.0,0.0,,1.0,1.0,0,0.0
2024-10-03,4,1,120009.0,30002.25,0.0,0.0,0.0,1.1547005383803017,4000.0,0.0,0.0,,1.0,0,1.0
2024-10-05,36,1,605605.13,16822.36472222222,5767.161892,160.19894144444444,0.6666666666666666,150.50295572692687,0.3333209881115514,,0.0,0.0,,0,1.0
2024-10-06,22,1,300130.56,13642.298181818182,130.487079,5.9312308636363635,0.22727272727272727,324.91869445856975,0.37497656396475215,,,0.0,0.0,0,0.0
2024-10-07,21,1,219984.65,10475.459523809524,0.0,0.0,0.0,182.24477260776848,0.0,,,,0.0,0,1.0
2024-10-08,34,1,434583.53,12781.868529411766,5396.546638,158.72195994117646,0.9705882352941176,8.548905132596875,34000.0,,,,,0,1.0
2024-10-09,14,1,220399.93,15742.852142857142,396.06272,28.290194285714286,0.21428571428571427,474.2797720731933,3.665444851716095,,,,,0,0.0
2024-10-10,16,1,300024.33999999997,18751.521249999998,0.0,0.0,0.0,557.4002152852128,16000.0,0.0,,,,0,1.0
2024-10-11,25,1,488903.45999999996,19556.1384,8885.327477,355.41309908000005,0.72,439.9431781491801,0.0,0.0,0.0,,,0,1.0
2024-10-12,10,1,159713.4,15971.34,541.55471,54.155471,0.7,376.58494688744844,2.332555814728424,,0.0,0.0,,0,0.0
2024-10-13,10,1,60002.42,6000.242,0.0,0.0,0.0,203.35890549578784,10000.0,,,0.0,0.0,0,1.0
2024-10-14,5,1,61916.020000000004,12383.204000000002,1913.61958,382.72391600000003,1.0,0.44721359550077144,0.0,,,,0.0,0,1.0
2024-10-15,7,1,81173.36,11596.194285714286,1170.2260760000001,167.17515371428573,0.5714285714285714,1060.3613714650498,0.7498125468632841,1.0,,,,0,1.0
2024-10-16,11,1,80229.17,7293.560909090909,219.480876,19.95280690909091,0.2727272727272727,451.4663583560504,2.665778073975342,1.0,1.0,,,0,1.0
2024-10-17,9,2,140531.75,15614.638888888889,36.11496,4.0127733333333335,0.1111111111111111,433.80423131997185,3.4982508745627188,1.0,1.0,1.0,,0,1.0
2024-10-18,6,1,120331.43000000001,20055.238333333335,333.219141,55.536523499999994,0.8333333333333334,518.7022267158665,0.1999600079984003,1.0,1.0,1.0,1.0,0,0.0
2024-10-19,4,1,99996.86,24999.215,0.0,0.0,0.0,218.24355660591678,4000.0,1.0,1.0,1.0,1.0,0,1.0
2024-10-20,6,1,120225.71,20037.618333333336,229.060526,38.176754333333335,0.8333333333333334,100.40003320052456,0.1999600079984003,1.0,1.0,1.0,1.0,0,0.0
2024-10-21,11,1,150024.18,13638.561818181817,0.0,0.0,0.0,412.97609439948445,11000.0,1.0,1.0,1.0,1.0,0,0.0
2024-10-22,3,1,60000.36,20000.12,0.0,0.0,0.0,0.0,3000.0,1.0,1.0,1.0,1.0,0,0.0
2024-10-23,8,1,70011.23999999999,8751.404999999999,0.0,0.0,0.0,3.502550091412617,8000.0,1.0,1.0,1.0,1.0,0,1.0
2024-10-25,25,1,404587.18,16183.4872,4543.862071,181.75448283999998,0.64,451.24848291527405,0.5624648459471283,1.0,1.0,1.0,1.0,0,1.0
2024-10-27,4,1,90664.41,22666.1025,666.6623079999999,166.66557699999998,0.75,2.5,0.0,1.0,1.0,1.0,1.0,0,1.0
2024-10-28,10,2,120495.3,12049.53,1.2563,0.12563,0.1,385.37052876996756,0.0,1.0,1.0,1.0,1.0,0,0.0
2024-10-29,38,2,603574.34,15883.535263157893,0.0,0.0,0.0,841.1076847044269,0.0,1.0,1.0,1.0,1.0,0,1.0
2024-10-31,29,2,854638.1,29470.279310344828,768.812372,26.51077144827586,0.8275862068965517,395.46465468288085,8.663778740419861,1.0,1.0,1.0,1.0,0,1.0
2024-11-01,9,1,231031.1,25670.122222222224,1040.5747959999999,115.61942177777776,0.2222222222222222,470.68499138076675,3.4982508745627188,1.0,1.0,1.0,1.0,0,0.0
2024-11-02,2,1,40000.0,20000.0,0.0,0.0,0.0,0.0,2000.0,1.0,1.0,1.0,1.0,0,0.0
2024-11-03,4,1,109994.34,27498.585,0.0,0.0,0.0,402.0,4000.0,1.0,1.0,1.0,1.0,0,1.0
2024-11-04,26,1,432210.64,16623.486153846156,2259.351364,86.89812938461539,0.5,530.5463207501698,0.9999230828397816,1.0,1.0,1.0,1.0,0,1.0
2024-11-05,10,1,200627.23,20062.723,678.4759280000001,67.8475928,0.5,447.3612013177321,0.9998000399920015,1.0,1.0,1.0,1.0,0,1.0
2024-11-06,12,1,121906.38,10158.865,2821.24842,235.10403499999998,0.5833333333333334,2346.5506261125274,0.714183688044565,1.0,1.0,1.0,1.0,0,1.0
2024-11-07,2,1,60628.85,30314.425,628.96246,314.48123,0.5,1108.03632611932,0.9990009990009991,1.0,1.0,1.0,1.0,0,1.0
2024-11-08,24,1,240641.63,10026.734583333333,646.3734049999999,26.932225208333332,0.25,260.19448899130526,2.9995000833194467,1.0,1.0,1.0,1.0,0,0.0
2024-11-09,9,1,150000.41,16666.712222222224,0.0,0.0,0.0,178.22886348113803,9000.0,1.0,1.0,1.0,1.0,0,1.0
2024-11-10,48,2,242579.22,5053.73375,729.001129,15.187523520833333,0.75,1085.3327945025444,1.9998750078120116,1.0,1.0,1.0,1.0,0,1.0
2024-11-11,24,2,336956.86,14039.869166666665,1499.210172,62.467090500000005,0.4583333333333333,1114.9902579674488,1.1817107535678575,1.0,1.0,1.0,1.0,0,1.0
2024-11-12,65,2,845239.27,13003.681076923078,2175.413309,33.46789706153846,0.1076923076923077,1030.093122190711,4.416298641779852,1.0,1.0,1.0,1.0,0,1.0
2024-11-13,25,1,487811.82,19512.4728,7680.907897,307.23631588,0.64,114.55962057664938,0.5624648459471283,1.0,1.0,1.0,1.0,0,1.0
2024-11-14,41,1,882430.6900000001,21522.69975609756,2348.106228,57.2708836097561,0.34146341463414637,1099.5398721682657,1.928433683308335,1.0,1.0,1.0,1.0,0,1.0
2024-11-15,79,1,1360371.8,17219.896202531647,2003.536586,25.361222607594936,0.4177215189873418,971.9260753821682,1.3234904855739538,1.0,1.0,1.0,1.0,1,1.0
2024-11-16,13,2,220113.78,16931.82923076923,254.94774999999998,19.611365384615382,0.5384615384615384,215.068414875181,1.5996800639872024,1.0,1.0,1.0,1.0,0,1.0
2024-11-17,30,2,620896.34,20696.544666666665,551.253318,18.375110600000003,0.4,331.7077528990503,2.7496562929633797,1.0,1.0,1.0,1.0,0,1.0
2024-11-18,48,3,951005.5,19812.614583333332,3195.864707,66.58051472916667,0.4166666666666667,950.0082633085967,1.1817644652515793,1.0,1.0,1.0,1.0,0,1.0
2024-11-19,52,3,332309.38,6390.5650000000005,1609.430206,30.950580884615384,0.5384615384615384,1002.7589593431603,0.8571122459912146,1.0,1.0,1.0,1.0,0,1.0
2024-11-20,56,4,880725.44,15727.24,2345.98033,41.89250589285714,0.44642857142857145,890.5607776571411,0.8064255991742202,1.0,1.0,1.0,1.0,0,1.0
2024-11-21,36,3,182668.65,5074.129166666667,901.764238,25.04900661111111,0.1111111111111111,1604.770271844791,0.3333209881115514,1.0,1.0,1.0,1.0,0,1.0
2024-11-22,63,3,416264.09,6607.366507936508,1969.982079,31.269556809523813,0.49206349206349204,350.54937864939996,0.9090633617163117,1.0,1.0,1.0,1.0,0,1.0
2024-11-23,15,3,63187.88,4212.525333333333,6.982455,0.465497,0.13333333333333333,455.8651429660185,6.496751624187906,1.0,1.0,1.0,1.0,0,1.0
2024-11-24,35,2,520641.63,14875.475142857144,447.023511,12.772100314285714,0.2,697.2286014565724,5.9988002399520095,1.0,1.0,1.0,1.0,0,1.0
2024-11-25,37,2,864984.48,23377.958918918917,5065.186538,136.89693345945946,0.43243243243243246,1133.8459366722268,2.363421507135715,1.0,1.0,1.0,1.0,0,1.0
2024-11-26,31,2,435078.5,14034.790322580646,4.423273,0.1426862258064516,0.0967741935483871,958.2243289105851,5.198960207958408,1.0,1.0,1.0,1.0,0,-1.0
2024-11-27,44,1,1256511.88,28557.08818181818,-2848.159792,-64.73090436363636,0.0,548.2078412512008,0.07316894709885126,1.0,1.0,1.0,1.0,1,1.0
2024-11-28,12,1,338785.3,28232.108333333334,1174.315571,97.85963091666667,0.5,785.4628581385364,2.9990003332222592,1.0,1.0,1.0,1.0,0,1.0
2024-11-29,7,1,180586.6,25798.085714285717,610.52512,87.21787428571429,0.14285714285714285,1028.7853448189703,0.0,1.0,1.0,1.0,1.0,0,1.0
2024-11-30,12,1,239121.3,19926.774999999998,850.54514,70.87876166666666,0.4166666666666667,427.4921494937497,12000.0,1.0,1.0,1.0,1.0,0,1.0
2024-12-01,27,1,600205.84,22229.845925925925,337.835516,12.512426518518518,0.5925925925925926,436.1338009231745,0.22726239716376528,1.0,1.0,1.0,1.0,0,1.0
2024-12-02,17,1,300751.24,17691.249411764704,754.7378,44.396341176470585,0.35294117647058826,778.3468151832327,1.8330278286952173,1.0,1.0,1.0,1.0,0,1.0
2024-12-03,9,1,282371.72000000003,31374.63555555556,1467.1002210000001,163.0111356666667,0.4444444444444444,567.4348959229692,1.2496875781054735,1.0,1.0,1.0,1.0,0,1.0
2024-12-04,13,1,261052.41999999998,20080.955384615383,291.35271,22.411746923076922,0.23076923076923078,629.7689238410384,3.332222592469177,1.0,1.0,1.0,1.0,0,1.0
2024-12-05,22,2,817737.61,37169.891363636365,1435.68724,65.2585109090909,0.09090909090909091,2588.1174679945525,0.1578864270301563,1.0,1.0,1.0,1.0,0,1.0
2024-12-06,63,2,1504818.88,23886.013968253967,7206.315268,114.38595663492065,0.3333333333333333,3023.0926673646068,2.1498925053747313,1.0,1.0,1.0,1.0,1,1.0
2024-12-07,4,1,198481.45,49620.3625,2342.996384,585.749096,1.0,0.0,4000.0,1.0,1.0,1.0,1.0,0,0.0
2024-12-08,7,1,59993.63,8570.51857142857,0.0,0.0,0.0,201.83149501738316,0.0,1.0,1.0,1.0,1.0,0,1.0
2024-12-09,19,2,366787.71,19304.616315789473,2350.499742,123.7105127368421,0.3684210526315789,1110.7804589882687,3.7490627343164205,1.0,1.0,1.0,1.0,0,1.0
2024-12-10,47,3,778014.65,16553.503191489363,3996.96665,85.04184361702127,0.2978723404255319,793.4492820478437,3.27242977911099,1.0,1.0,1.0,1.0,0,1.0
2024-12-11,54,4,872870.6799999999,16164.27185185185,4917.466655,91.06419731481482,0.46296296296296297,1705.7751590059468,0.3170654374283554,1.0,1.0,1.0,1.0,0,1.0
2024-12-12,41,3,387069.41000000003,9440.717317073171,18.251554000000002,0.44515985365853666,0.14634146341463414,368.46970620424884,0.13888503097136193,1.0,1.0,1.0,1.0,0,1.0
2024-12-13,53,2,1019576.86,19237.29924528302,6791.349968,128.13867864150944,0.5283018867924528,509.3026337199595,2.5331644557029533,1.0,1.0,1.0,1.0,0,1.0
2024-12-14,26,3,203135.63999999998,7812.90923076923,578.153897,22.236688346153848,0.3076923076923077,431.1236428040257,1.1665694525456212,1.0,1.0,1.0,1.0,0,1.0
2024-12-15,26,3,303764.29,11683.241923076923,291.191889,11.199688038461538,0.38461538461538464,994.5289909530859,0.2999850007499625,1.0,1.0,1.0,1.0,0,1.0
2024-12-16,30,2,879919.11,29330.637,12.318749,0.4106249666666667,0.1,1143.2688187622414,0.0,1.0,1.0,1.0,1.0,0,1.0
2024-12-17,15,2,180259.42,12017.294666666667,16.246845,1.083123,0.2,316.5390519802738,0.0,1.0,1.0,1.0,1.0,0,-1.0
2024-12-18,68,2,1749379.66,25726.171470588233,-4627.220257,-68.04735672058824,0.07352941176470588,728.3975766236882,5.181347150259068,1.0,1.0,1.0,1.0,1,1.0
2024-12-19,97,4,1139937.14,11751.929278350515,1430.227945,14.744617989690722,0.1134020618556701,1637.9197617857005,2.1289635818199413,1.0,1.0,1.0,1.0,0,1.0
2024-12-20,31,4,243365.53999999998,7850.50129032258,76.527866,2.4686408387096774,0.1935483870967742,1218.2972746675437,3.428081702613912,1.0,1.0,1.0,1.0,0,1.0
2024-12-21,60,3,1015996.41,16933.2735,1438.600284,23.9766714,0.5666666666666667,651.2501101206834,0.9999666677777407,1.0,1.0,1.0,1.0,0,0.0
2024-12-22,8,2,134112.23,16764.02875,0.0,0.0,0.0,858.2278668445632,8000.0,1.0,1.0,1.0,1.0,0,1.0
2024-12-23,40,4,356447.07,8911.17675,16.133464,0.4033366,0.225,992.0792303838307,1.8570102135561746,1.0,1.0,1.0,1.0,0,1.0
2024-12-24,39,3,941262.6900000001,24134.940769230772,2145.992323,55.02544417948718,0.6923076923076923,1165.378768218434,0.11428244907288364,1.0,1.0,1.0,1.0,0,1.0
2024-12-25,7,2,73497.53,10499.647142857142,114.044243,16.292034714285712,0.5714285714285714,187.28486070053654,0.0,1.0,1.0,1.0,1.0,0,1.0
2024-12-26,33,2,453001.1,13727.30606060606,7624.900544,231.05759224242425,0.42424242424242425,669.1644014830142,3.713755177831738,1.0,1.0,1.0,1.0,0,1.0
2024-12-27,36,2,79924.34,2220.1205555555553,30.449011999999996,0.8458058888888887,0.16666666666666666,914.4859233297435,4.999166805532411,1.0,1.0,1.0,1.0,0,1.0
2024-12-28,7,2,111052.66,15864.665714285715,16.972942,2.424706,0.42857142857142855,242.23188418184412,0.16663889351774702,1.0,1.0,1.0,1.0,0,1.0
2024-12-29,15,2,80144.31,5342.954,390.062046,26.0041364,0.26666666666666666,665.853587510045,1.142693900871304,1.0,1.0,1.0,1.0,0,1.0
2024-12-30,41,2,594112.92,14490.559024390244,4313.626328,105.21039824390245,0.36585365853658536,901.6619999728963,1.733217785480968,1.0,1.0,1.0,1.0,0,1.0
2024-12-31,94,3,608446.88,6472.83914893617,2683.459526,28.547441765957448,0.2553191489361702,1051.7341631528373,2.35705867647584,1.0,1.0,1.0,1.0,0,1.0
2025-01-01,9,3,61046.98,6782.9977777777785,2.105,0.2338888888888889,0.2222222222222222,276.11546497797,0.4999166805532411,1.0,1.0,1.0,1.0,0,1.0
2025-01-02,38,4,389413.86,10247.733157894736,2575.5174140000004,67.7767740526316,0.6052631578947368,944.2506406690823,0.46152071074189455,1.0,1.0,1.0,1.0,0,1.0
2025-01-03,51,3,466066.74,9138.563529411764,3139.305567,61.555011117647055,0.5882352941176471,566.5620780067138,0.5937314458923159,1.0,1.0,1.0,1.0,0,1.0
2025-01-04,24,3,108073.5,4503.0625,26.225011000000002,1.0927087916666667,0.20833333333333334,342.2210040013826,1.6664815020553272,1.0,1.0,1.0,1.0,0,1.0
2025-01-05,19,1,369118.91000000003,19427.31105263158,890.33157,46.859556315789476,0.21052631578947367,342.09900759013044,3.7490627343164205,1.0,1.0,1.0,1.0,0,1.0
2025-01-06,41,2,347209.54,8468.525365853659,3575.442423,87.20591275609756,0.34146341463414637,1641.7008643625684,0.7825746706664927,1.0,1.0,1.0,1.0,0,1.0
2025-01-07,58,2,497692.14,8580.89896551724,41.268054,0.7115181724137931,0.10344827586206896,1088.259571257868,56.94305694305695,1.0,1.0,1.0,1.0,0,-1.0
2025-01-08,68,4,376742.11,5540.325147058823,-3.658611000000006,-0.05380310294117656,0.11764705882352941,1283.5610708523159,7.499062617172854,1.0,1.0,1.0,1.0,0,1.0
2025-01-09,35,3,73534.9,2100.9971428571425,120.665576,3.447587885714286,0.22857142857142856,811.3509358942496,1.1874257858883819,1.0,1.0,1.0,1.0,0,-1.0
2025-01-10,278,4,5959402.24,21436.69870503597,-36048.622895,-129.67130537769785,0.4064748201438849,1082.7969329881107,0.9172350535513548,,1.0,1.0,1.0,1,1.0
2025-01-11,90,3,1566747.57,17408.306333333334,1685.215179,18.7246131,0.4,346.84463902512204,1.4323937190886733,1.0,,1.0,1.0,1,1.0
2025-01-12,82,2,1865515.55,22750.189634146343,806.097017,9.830451426829269,0.45121951219512196,271.80280061279615,0.7083185766963188,1.0,1.0,,1.0,1,1.0
2025-01-13,129,3,2386340.96,18498.767131782944,1908.789242,14.796815829457366,0.43410852713178294,1259.5692363244643,1.6326197424542357,1.0,1.0,1.0,,1,1.0
2025-01-14,62,3,669990.04,10806.290967741936,2468.913422,39.821184225806455,0.5645161290322581,1673.7500092908995,0.8235051910237935,1.0,1.0,1.0,1.0,0,1.0
2025-01-15,78,4,1660697.4,21290.992307692308,7491.512398,96.04503074358975,0.5512820512820513,953.8018659556554,0.49999038480029234,1.0,1.0,1.0,1.0,1,1.0
2025-01-16,112,4,2730344.48,24378.075714285715,5146.3592100000005,45.94963580357143,0.5,559.6537199709654,0.866652222462959,1.0,1.0,1.0,1.0,1,1.0
2025-01-17,21,1,640726.49,30510.78523809524,811.1445319999999,38.62593009523809,0.3333333333333333,1309.1910970410045,1.999714326524782,1.0,1.0,1.0,1.0,0,1.0
2025-01-18,60,2,1881790.45,31363.174166666668,4078.848863,67.98081438333334,0.5333333333333333,435.8809933863602,1.1428163279882861,1.0,1.0,1.0,1.0,1,1.0
2025-01-19,88,1,2215874.55,25180.392613636363,3253.260003,36.968863670454546,0.36363636363636365,523.1304962108567,2.5198992040318386,1.0,1.0,1.0,1.0,1,1.0
2025-01-20,206,4,5864778.39,28469.798009708735,7162.741516,34.77058988349515,0.3446601941747573,1936.5408220051495,1.9428293881515977,1.0,1.0,1.0,1.0,1,1.0
2025-01-21,101,3,1316203.92,13031.721980198019,2945.0503439999998,29.1589142970297,0.39603960396039606,1040.7122717039733,0.5538376332671805,1.0,1.0,1.0,1.0,1,1.0
2025-01-22,66,2,1065387.81,16142.239545454546,2981.989155,45.18165386363637,0.45454545454545453,928.4623809147416,1.5384023691396485,1.0,1.0,1.0,1.0,0,1.0
2025-01-23,82,1,1475987.52,17999.84780487805,6749.1349199999995,82.30652341463414,0.2682926829268293,1273.8722224086628,2.0369615940150365,1.0,1.0,1.0,1.0,1,1.0
2025-01-24,42,1,615921.78,14664.804285714286,1707.06994,40.64452238095238,0.38095238095238093,1204.7477933761047,0.4999821434948752,1.0,1.0,1.0,1.0,0,1.0
2025-01-25,19,2,407517.18,21448.272631578948,262.566331,13.819280578947367,0.21052631578947367,609.7844216898852,19000.0,1.0,1.0,1.0,1.0,0,1.0
2025-01-27,90,4,696499.04,7738.878222222223,458.42681100000004,5.093631233333334,0.34444444444444444,1455.1456350142855,1.9999333355554814,1.0,1.0,1.0,1.0,0,1.0
2025-01-28,31,1,51826.53,1671.8235483870967,630.482249,20.33813706451613,0.5161290322580645,1369.6693604623058,0.9374414099118804,1.0,1.0,1.0,1.0,0,1.0
2025-01-29,5,1,514.23,102.846,17.0422,3.40844,1.0,5.805170109479277,0.0,1.0,1.0,1.0,1.0,0,1.0
2025-01-30,84,2,1604371.93,19099.665833333333,3669.838534,43.68855397619048,0.5238095238095238,619.4144213124716,0.8666474078353815,1.0,1.0,1.0,1.0,1,1.0
2025-01-31,65,3,816622.92,12563.42953846154,1232.629751,18.96353463076923,0.38461538461538464,492.11229272783515,1.166627779074031,1.0,1.0,1.0,1.0,0,1.0
2025-02-01,26,3,133837.4,5147.592307692307,3.593452000000001,0.13820969230769234,0.4230769230769231,207.37772300804045,0.6249609399412537,1.0,1.0,1.0,1.0,0,1.0
2025-02-02,70,4,887919.47,12684.563857142857,0.895536,0.012793371428571428,0.014285714285714285,1222.3932420879387,70000.0,1.0,1.0,1.0,1.0,0,1.0
2025-02-03,95,4,223986.04,2357.7477894736844,471.662861,4.964872221052632,0.5684210526315789,2137.2402000159864,0.7924378785305938,0.0,1.0,1.0,1.0,0,1.0
2025-02-04,386,4,7408661.47,19193.423497409327,10927.031975,28.30837299222798,0.16580310880829016,1161.9693499996079,5.0311713879470625,1.0,0.0,1.0,1.0,1,-1.0
2025-02-05,281,4,1657019.15,5896.865302491103,-7928.4184669999995,-28.21501233807829,0.0711743772241993,1127.0298668142789,2.556929659118239,,1.0,0.0,1.0,1,1.0
2025-02-06,50,4,393806.84,7876.1368,590.786309,11.815726179999999,0.18,610.3714546512384,4.555049438951228,,,1.0,0.0,0,1.0
2025-02-07,372,3,1640911.75,4411.053091397849,8601.240538,23.121614349462366,0.22043010752688172,736.1217598758564,3.2272360541357483,0.0,,,1.0,1,1.0
2025-02-08,101,5,378674.92,3749.2566336633663,10.394106,0.10291194059405942,0.009900990099009901,552.8212530481828,49.47526236881559,0.0,0.0,,,0,1.0
2025-02-09,9,4,281920.81,31324.534444444445,875.249949,97.24999433333333,0.3333333333333333,326.8860657782784,0.7998400319936012,,0.0,0.0,,0,1.0
2025-02-10,312,4,1464471.19,4693.817916666667,3289.168383,10.542206355769231,0.6474358974358975,764.7078784316723,0.4786707172003924,0.0,,0.0,0.0,1,1.0
2025-02-11,174,5,895937.52,5149.066206896552,1598.608056,9.187402620689655,0.27011494252873564,680.0966561430175,2.2829757929095678,,0.0,,0.0,0,1.0
2025-02-12,211,5,2307839.27,10937.626872037914,8052.970666,38.1657377535545,0.5260663507109005,953.3222401991645,0.6230721302143829,,,0.0,,1,1.0
2025-02-13,269,5,1028567.0599999999,3823.6693680297394,3278.889071,12.18917870260223,0.31226765799256506,702.565597011883,2.6848947274694868,,,,0.0,0,1.0
2025-02-14,342,4,1575402.01,4606.438625730994,3209.01529,9.383085643274853,0.16374269005847952,563.817592996376,3.5599525339662135,,,,,1,1.0
2025-02-15,108,3,585894.9400000001,5424.953148148149,3953.4256579999997,36.605793129629625,0.23148148148148148,508.73912535162833,5.749640647459533,,,,,0,1.0
2025-02-16,26,2,362564.25,13944.778846153846,314.96786,12.114148461538461,0.4230769230769231,347.4789224376947,1.5998400159984003,,,,,0,1.0
2025-02-17,46,2,544999.35,11847.811956521738,1205.608261,26.208875239130435,0.13043478260869565,511.53045914003116,1.4209778432714066,,,,,0,1.0
2025-02-18,117,4,722327.41,6173.738547008547,1675.501751,14.320527786324787,0.13675213675213677,670.5832010287079,6.312105493406661,,,,,0,1.0
2025-02-19,256,3,1204759.15,4706.0904296875,4112.672901,16.06512851953125,0.1875,485.7326504418523,5.73669113970685,0.0,,,,1,1.0
2025-02-20,335,3,1911922.42,5707.231104477612,2533.468356,7.562592107462686,0.23283582089552238,680.0824658743185,3.1874601567480405,,0.0,,,1,1.0
2025-02-21,304,5,1704398.56,5606.574210526316,6650.814303,21.877678628289473,0.18421052631578946,595.1608413968321,2.2340187870341803,1.0,,0.0,,1,1.0
2025-02-22,114,4,1822008.68,15982.532280701755,1143.770884,10.033077929824561,0.4649122807017544,503.09690259595556,0.9999824564481326,,1.0,,0.0,1,1.0
2025-02-23,35,2,285907.78,8168.793714285715,117.11072,3.3460205714285713,0.22857142857142856,451.6492652750878,2.4997500249975,,,1.0,,0,1.0
2025-02-24,21,2,465434.33,22163.539523809526,1925.839355,91.70663595238095,0.23809523809523808,803.3594759626928,3.199360127974405,,,,1.0,0,-1.0
2025-02-25,69,4,1026086.27,14870.815507246378,-100.81142999999999,-1.4610352173913042,0.0,2089.1510562848557,33.483258370814596,0.0,,,,0,-1.0
2025-02-26,13,4,106996.39,8230.491538461538,-837.988524,-64.4606556923077,0.07692307692307693,994.8103800763702,2.249437640589852,0.0,0.0,,,0,-1.0
2025-02-27,39,4,693270.14,17776.157435897436,-48309.15376,-1238.6962502564104,0.0,288.6046729004474,0.5599776008959642,0.0,0.0,0.0,,0,-1.0
2025-02-28,26,4,216381.13,8322.351153846153,-3753.016201,-144.34677696153847,0.038461538461538464,1599.6708738410503,5.4986253436640835,0.0,0.0,0.0,0.0,0,-1.0
2025-03-01,4,1,6817.8099999999995,1704.4524999999999,-4.752222,-1.1880555,0.5,1038.4797783298452,0.0,0.0,0.0,0.0,0.0,0,1.0
2025-03-02,52,4,1516755.23,29168.369807692306,11781.882715,226.57466759615383,0.5576923076923077,3502.0962644500732,0.5757401290869975,0.0,0.0,0.0,0.0,1,1.0
2025-03-03,43,4,710429.35,16521.612790697673,6357.264759,147.84336648837208,0.27906976744186046,1430.8434579322184,0.7916336819299196,0.0,0.0,0.0,0.0,0,1.0
2025-03-04,71,4,1709275.75,24074.306338028167,8072.354623,113.69513553521126,0.43661971830985913,1239.9044257968656,0.9188940839436772,0.0,0.0,0.0,0.0,1,1.0
2025-03-05,68,4,1751285.87,25754.203970588238,6453.365725,94.90243713235293,0.47058823529411764,831.3549888149959,0.5110997533388147,0.0,0.0,0.0,0.0,1,1.0
2025-03-06,48,4,659509.02,13739.77125,3092.547642,64.428075875,0.2916666666666667,966.794519852598,1.6665740792178212,0.0,0.0,0.0,0.0,0,1.0
2025-03-07,127,5,4890512.87,38507.97535433071,13794.805979,108.62051951968505,0.5039370078740157,2009.165304790091,1.0158568911604577,0.0,0.0,0.0,0.0,1,1.0
2025-03-08,19,2,120146.16,6323.482105263158,9.379760000000001,0.49367157894736846,0.10526315789473684,116.89558993977593,19000.0,0.0,0.0,0.0,0.0,0,1.0
2025-03-09,12,2,419864.27999999997,34988.689999999995,2.234,0.18616666666666667,0.08333333333333333,955.8174511903483,12000.0,0.0,0.0,0.0,0.0,0,1.0
2025-03-10,105,2,2600786.02,24769.390666666666,14133.352804,134.60336003809525,0.4095238095238095,1460.6689983396718,1.4418269342573429,0.0,0.0,0.0,0.0,1,1.0
2025-03-11,94,2,1200466.28,12770.917872340426,11940.348093999999,127.02497972340424,0.2553191489361702,942.5403292426749,0.18987101429095832,0.0,0.0,0.0,0.0,1,-1.0
2025-03-12,190,3,5597902.58,29462.645157894738,-12124.624141999999,-63.8138112736842,0.3736842105263158,518.7960292778242,2.064482830922082,0.0,0.0,0.0,0.0,1,1.0
2025-03-13,63,2,1745373.15,27704.335714285713,9667.544464,153.45308673015873,0.49206349206349204,1089.8530301100898,1.4230221914541747,,0.0,0.0,0.0,1,1.0
2025-03-14,107,2,3873750.08,36203.27177570094,12228.126441,114.28155552336449,0.5233644859813084,891.2823049202666,0.7540859985901871,0.0,,0.0,0.0,1,1.0
2025-03-15,73,2,2028808.52,27791.897534246575,1170.517718,16.034489287671235,0.6027397260273972,181.34410641514242,1.6070854612335272,,0.0,,0.0,1,-1.0
2025-03-16,293,3,9473520.67,32332.83505119454,-10164.848620999997,-34.69231611262798,0.24573378839590443,626.7025069090472,1.1865583092663488,0.0,,0.0,,1,1.0
2025-03-17,72,5,2253811.87,31302.94263888889,3033.115216,42.12660022222222,0.625,483.6815224306675,1.7691627245105956,0.0,0.0,,0.0,1,1.0
2025-03-18,120,5,2570219.91,21418.49925,6949.565387,57.913044891666665,0.15,800.0160675907465,2.999900003333222,0.0,0.0,0.0,,1,1.0
2025-03-19,216,6,1576529.42,7298.747314814815,12390.732356,57.36450164814815,0.6944444444444444,633.7826555183057,0.1489353780033085,0.0,0.0,0.0,0.0,1,1.0
2025-03-20,21,4,214000.28,10190.489523809523,12.166924999999999,0.5793773809523809,0.42857142857142855,1123.7302887725225,4.24893776555861,,0.0,0.0,0.0,0,1.0
2025-03-21,34,2,1735481.56,51043.57529411765,829.63013,24.40088617647059,0.4117647058823529,92.6017867489092,1.4284693950432112,0.0,,0.0,0.0,1,1.0
2025-03-22,24,1,300062.0,12502.583333333334,58.007635,2.4169847916666667,1.0,6.984454788721753,0.0,0.0,0.0,,0.0,0,1.0
2025-03-23,30,2,1677298.77,55909.959,1042.04782,34.73492733333333,0.5,175.33876570405104,0.3043345941480805,0.0,0.0,0.0,,1,1.0
2025-03-24,38,4,320122.01,8424.263421052632,1963.0,51.6578947368421,0.42105263157894735,854.4303751639748,0.18749414080809976,,0.0,0.0,0.0,0,-1.0
2025-03-25,106,4,3561394.85,33598.06462264151,-602.4222659999999,-5.683228924528301,0.2641509433962264,223.39002612826283,1.2083081602466617,,,0.0,0.0,1,1.0
2025-03-26,37,2,638155.94,17247.457837837836,3067.497178,82.90532913513513,0.24324324324324326,393.3931165439299,3.1107654705032775,,,,0.0,0,1.0
2025-03-27,82,3,1652890.42,20157.200243902436,5223.319769,63.699021573170725,0.2682926829268293,392.4942698715018,2.7271487659651834,0.0,,,,1,1.0
2025-03-28,64,2,547245.63,8550.71296875,1342.0,20.96875,0.0625,759.9727815653837,14.996250937265682,0.0,0.0,,,0,0.0
2025-03-29,53,3,479998.84,9056.581886792454,0.0,0.0,0.0,250.87420158671517,53000.0,0.0,0.0,0.0,,0,1.0
2025-03-30,50,2,1539186.61,30783.732200000002,2962.275906,59.24551812,0.52,79.95530384060994,0.9230414214837891,0.0,0.0,0.0,0.0,1,-1.0
2025-03-31,50,4,1370118.56,27402.3712,-4192.02783,-83.8405566,0.52,624.8588180132966,0.724112961622013,0.0,0.0,0.0,0.0,1,1.0
2025-04-01,26,3,242344.91,9320.958076923078,4844.014969,186.30826803846153,0.4230769230769231,1113.2148151257231,0.8570816370259268,0.0,0.0,0.0,0.0,0,1.0
2025-04-02,93,4,822423.08,8843.258924731183,3154.6882480000004,33.921379010752695,0.7956989247311828,794.2307106202755,0.1624979687753903,0.0,0.0,0.0,0.0,0,1.0
2025-04-03,90,5,1642308.9,18247.876666666667,2511.726925,27.908076944444442,0.08888888888888889,977.220632352093,13.997667055490751,0.0,0.0,0.0,0.0,1,-1.0
2025-04-04,59,4,815365.51,13819.75440677966,-4625.811339,-78.40358201694914,0.2542372881355932,1162.287892453705,0.7878549134874702,0.0,0.0,0.0,0.0,0,1.0
2025-04-05,27,4,451639.97000000003,16727.406296296296,3021.14613,111.89430111111112,0.5185185185185185,510.3720139198369,1.45441323516044,0.0,0.0,0.0,0.0,0,1.0
2025-04-06,19,5,341720.56,17985.29263157895,0.06021,0.0031689473684210524,0.05263157894736842,918.5092326843064,8.495752123938031,0.0,0.0,0.0,0.0,0,1.0
2025-04-07,357,9,5627697.82,15763.859439775912,9135.50088,25.58963831932773,0.24089635854341737,1156.393225654403,1.9024235575320525,0.0,0.0,0.0,0.0,1,1.0
2025-04-08,377,6,7864260.46,20860.107320954907,25403.731158,67.38390227586207,0.3156498673740053,936.9293400984628,1.2176398962359045,0.0,0.0,0.0,0.0,1,-1.0
2025-04-09,609,11,14949292.01,24547.27752052545,-19176.902264,-31.48916627914614,0.33497536945812806,2883.5640068330986,1.0927797498977667,0.0,0.0,0.0,0.0,1,1.0
2025-04-10,1014,11,22625450.24,22313.067297830374,59932.891062,59.105415248520714,0.6696252465483234,1433.0680611535554,0.9314267972822909,0.0,0.0,0.0,0.0,1,1.0
2025-04-11,243,7,8067059.8100000005,33197.77699588478,5741.007623999999,23.625545777777774,0.24691358024691357,1445.6552986186737,1.0593130566690112,0.0,0.0,0.0,0.0,1,1.0
2025-04-12,1308,5,53107847.57,40602.32994648318,88202.574738,67.4331611146789,0.15214067278287463,459.68139451049603,0.5931783274320007,0.0,0.0,0.0,0.0,1,1.0
2025-04-13,499,7,12238189.75,24525.430360721442,48073.000938,96.33867923446893,0.374749498997996,675.898253498934,1.520194342452816,,0.0,0.0,0.0,1,1.0
2025-04-14,347,7,11058319.15,31868.354899135447,12409.772845,35.76303413544669,0.207492795389049,710.3601358559736,2.09819555182543,0.0,,0.0,0.0,1,1.0
2025-04-15,845,6,20258066.38,23974.043053254438,60473.96825,71.56682633136094,0.5715976331360947,356.877448810166,0.2764346277422542,0.0,0.0,,0.0,1,1.0
2025-04-16,911,6,35425894.14,38886.82122941822,54150.758033,59.44100772008781,0.3940724478594951,348.307288924451,1.5807320659148276,0.0,0.0,0.0,,1,1.0
2025-04-17,20,3,1084465.28,54223.264,1603.120195,80.15600975,0.4,138.69780668398624,1.4998125234345707,0.0,0.0,0.0,0.0,0,1.0
2025-04-18,346,2,21897676.43,63288.082167630055,36051.688064,104.19563024277457,0.7283236994219653,178.03133576241973,0.37301439280002857,0.0,0.0,0.0,0.0,1,1.0
2025-04-19,523,2,25349383.66,48469.18481835564,62072.77644,118.68599701720842,0.3977055449330784,210.7452918886456,1.5144157960779034,0.0,0.0,0.0,0.0,1,-1.0
2025-04-20,169,3,8539335.62,50528.61313609467,-78.029568,-0.46171342011834315,0.0,253.29428411355025,169000.0,0.0,0.0,0.0,0.0,1,1.0
2025-04-21,819,5,38704805.9,47258.61526251526,12536.813619999999,15.307464737484736,0.3321123321123321,912.6143563312879,0.9546516595425787,0.0,0.0,0.0,0.0,1,1.0
2025-04-22,490,8,27434591.78,55988.96281632653,54607.772088,111.44443283265306,0.27346938775510204,1150.29097942937,0.6554031912054352,,0.0,0.0,0.0,1,-1.0
2025-04-23,840,8,19773902.76,23540.360428571432,-63206.971975,-75.24639520833334,0.22738095238095238,1022.3679689980219,1.2163556296685234,1.0,,0.0,0.0,1,1.0
2025-04-24,697,6,32067474.93,46007.8549928264,35056.529616,50.296312218077475,0.4347202295552367,379.30749549231126,0.7468652960769522,1.0,1.0,,0.0,1,1.0
2025-04-25,540,4,25563276.89,47339.40164814815,8410.75479,15.575471833333335,0.5518518518518518,390.58623181082896,1.23139987024847,1.0,1.0,1.0,,1,1.0
2025-04-26,290,4,10233832.209999999,35289.076586206895,47.876234000000004,0.16509046206896552,0.1413793103448276,134.4222497807981,71.48212946763309,1.0,1.0,1.0,1.0,1,1.0
2025-04-28,702,2,25226670.54,35935.42811965812,35787.345142,50.979124133903134,0.49715099715099714,499.4344281848156,0.768260029571714,,1.0,1.0,1.0,1,1.0
2025-04-29,603,1,22610458.44,37496.61432835821,56436.36891,93.5926515920398,0.494195688225539,216.48955043619588,1.0234864983674552,1.0,,1.0,1.0,1,1.0
2025-04-30,242,4,6901356.98,28518.00404958678,5841.438673,24.138176334710742,0.11983471074380166,492.77410740137697,17.614029690023845,1.0,1.0,,1.0,1,1.0
2025-05-01,14,1,201224.78,14373.198571428571,1220.746604,87.196186,0.5,446.5721518558701,0.2727024815925825,,1.0,1.0,,0,0.0
